﻿original_question_id,original_question,original_question_relational_prompt,original_question_topic_prompt,original_question_answer,perturbed_question_1,perturbed_answer_1,perturbed_question_2,perturbed_answer_2,perturbed_question_3,perturbed_answer_3,perturbed_question_4,perturbed_answer_4,perturbed_question_5,perturbed_answer_5,perturbed_question_6,perturbed_answer_6,t5_11b_original_correct,unicorn_11b_original_correct,gpt3_original_correct,t5_11b_consistency,unicorn_11b_consistency,gpt3_consistency,t5_11b_correct_pertubation_1,t5_11b_correct_pertubation_2,t5_11b_correct_pertubation_3,t5_11b_correct_pertubation_4,t5_11b_correct_pertubation_5,t5_11b_correct_pertubation_6,unicorn_11b_correct_pertubation_1,unicorn_11b_correct_pertubation_2,unicorn_11b_correct_pertubation_3,unicorn_11b_correct_pertubation_4,unicorn_11b_correct_pertubation_5,unicorn_11b_correct_pertubation_6,gpt3_correct_pertubation_1,gpt3_correct_pertubation_2,gpt3_correct_pertubation_3,gpt3_correct_pertubation_4,gpt3_correct_pertubation_5,gpt3_correct_pertubation_6
003af63803d1aba420f441159a11aa97,One is a number that comes before zero.,before,one,no,One is a number that comes after zero.,yes,Zero is a number that comes after one.,no,Zero is a number that comes before one.,yes,One is a number smaller than zero.,no,One is not a number.,no,,,0,0,0,0,0,0,0,1,0,1,1,,1,1,0,1,1,,1,0,1,0,0,
097c32432b9b838bbddc1afab16a41a6,The end of the book is after the table of contents.,after,end,yes,The end of the book is before the table of contents,no,The table of contents is before the content of the book,yes,The index of the book is after the table of contents,yes,The index of a book is before the table of contents,no,,,,,0,0,0,0,0,0,1,0,0,1,,,1,0,0,1,,,0,1,1,0,,
0ba149b5974cf7880bad20ae9cc7db19,A chain consists of at least one link.,at least one,link,yes,The minimmal amounts of links in a chain is two,yes,The minimmal amounts of links in a chain is one,no,A chain consists of at least three links.,no,A chain consists of no more than three links.,no,A chain must have at least one link,yes,,,1,1,1,0,0,0,1,0,0,1,1,,1,0,0,1,1,,1,0,0,0,1,
0ccfe3b3cbec0b7aa904ff4970255be1,None had ever reached the top of Mount Everest before 1977?,none,reach,no,some have reached the top of Mount Everest before 1977,yes,No one reached the top of Mount Everest before 1977,no,None had ever reached the top of Mount Everest before 1953?,yes,the first man reached the top of mount everest before 1977,yes,the first man reached the top of mount everest after 1977,no,,,0,0,1,1,0,0,1,1,1,1,1,,1,0,1,1,1,,1,0,0,1,0,
12a7324ec7b44201cdd4d43039b6bc51,Chicken is good source of carbohydrates,,chicken,no,Chicken is not a good source of carbohydrates.,yes,Is there a lot of sugar in a serving of chicken?,no,No meat except liver contains carbohydrates.,yes,Meat contains a lot of carbohydrates.,no,,,,,1,1,1,0,0,0,1,1,0,1,,,1,1,0,1,,,1,0,0,0,,
16fc891b3e4af29354b22f54d5829671,some people don't seem to mind not breathing for an hour,some,mind,no,most people don't seem to mind not breathing for an hour,no,most people need to breath every few seconds,yes,some people can hold their breath for several minutes,yes,some people can hold their breath for an hour,no,,,,,0,0,0,0,0,0,1,1,1,0,,,1,1,1,0,,,0,1,1,0,,
1cf0b037d66ecae3853fd6140ec8dc83,An egg is always rounded.,is,egg,yes,an egg is never rounded,no,does an egg have an oval shape,yes,does an egg have a square shape,no,can an egg have a shape which is not rounded,no,does an oval have a rounded shape,yes,,,1,1,0,0,0,0,1,1,1,0,1,,1,1,1,0,0,,0,1,1,0,1,
1fab23b7a73de20f8e8e280891182cd7,A bird has 3 wings.,has,bird,no,A bird has wings,yes,A bird has only one wing,no,A bird has two wings,yes,A bird has less than three wings,yes,,,,,1,1,1,0,0,0,1,1,0,0,,,1,1,0,0,,,1,1,1,0,,
2530d83505b2308ae8b82dae34b7dae2,The office is capable of making people laugh.,is capable of,office,yes,The office is not capable of making people laugh,no,The office is a T.V show,yes,The office is not a T.V show,no,T.V shows are capable of making people laugh,yes,T.V shows are not capable of making people laugh,no,,,1,1,1,1,1,0,1,1,1,1,1,,1,1,1,1,1,,0,1,1,1,0,
2664b4d9c28054ace48f7c004c4627a3,Every phrase has a complete sentence.,has,complete,no,"A complete sentence must have a subject, a verb, and an object?",yes,A phrase can be a part of a sentence?,yes,A sentence is usually part of a phrase,no,Some phrases do not contain a complete sentence?,yes,Can a phrase contain a sentence?,no,,,1,1,1,0,0,0,1,1,1,1,0,,1,1,1,1,0,,1,1,0,1,0,
287886f740723b524f917ffa53f89f20,A rectangular shape has four times two number of edges.,,edge,no,A rectangular shape has four edges,yes,four times two equals eight,yes,four times two equals four,no,A rectangular shape does not have four times two number of edges.,yes,"in math, eight is equal to four",no,,,0,0,1,0,0,0,1,0,0,1,1,,1,0,0,0,1,,1,1,0,1,0,
2de03fd3eae4b2024bffa83dc81fb3dd,Every movie is directed by someone,,movie,yes,All movies are directed by the same person,no,some movies are directed by more than one person,yes,Most movies are directed by the same person,no,Movies are directed by people,yes,,,,,1,1,1,1,1,0,1,1,1,1,,,1,1,1,1,,,0,1,0,1,,
2f23c882d55e9466b05ef74114ef8e4c,the table of contents comes after the index,after,contents,no,"In a document, does the table of contents usually come after the index?",no,"In a document, does the table of contents usually come before the index?",yes,"In a document, does the index usually come after the table of contents?",yes,"In a document, does the index usually come before the table of contents?",no,,,,,1,1,0,0,0,0,1,0,0,1,,,1,1,0,1,,,0,1,1,0,,
31be71a0d8d6bb21b36ef3331c36524d,Are all the pages in a book the same size as each other?,same size as,page,yes,Some pages in a book are of different size than others,no,Every pair of pages in a book have a different size,no,Some pages in a book have the same size,yes,Pages in a book never have different sizes,yes,,,,,0,0,0,0,1,0,0,1,1,1,,,1,1,1,1,,,0,0,1,1,,
399b4d634df1a9e8088b79e952dbd435,Clothing is the same size as the wearer,same size as,clothing,yes,People wear clothes that are smaller than they are,no,People usually wear clothes that are much larger than they are,no,clothes are made to fit the size of some people exactly,yes,Clothes are measured to be the same size as people usually are,yes,larger people usually wear larger clothes,yes,,,1,1,0,0,0,0,0,1,1,0,1,,0,1,1,1,1,,0,0,1,1,1,
3baf504ba66da3f0e0f3c4aacce702f2,liquid can turn to a solid in heat,,liquid,no,liquids can turn to gas when heated,yes,liquids cannot turn to solid when heated,yes,,,,,,,,,0,0,1,0,1,1,1,0,,,,,1,1,,,,,1,1,,,,
4093a33475dd16c21593ecf49d56b08f,dairy farms have many cows that produce soymilk,,farms,no,Cows can produce soymilk.,no,"Soymilk comes from soy, not cows.",yes,Dairy farms have many cows.,yes,Cows cannot produce milk.,no,Soymilk comes from cows.,no,,,1,0,1,1,1,0,1,1,1,1,1,,1,1,1,1,1,,0,1,1,1,0,
420ab0b2c3e64300e40c2297dbfb6813,"Is a business letter ordered like this: salutation, body of the letter, sign off?",ordered like this,letter,yes,"Is a business letter ordered like this: body of the letter, sign off, salutation?",no,"Is a business letter ordered like this: salutation , sign off, body of the letter?",no,Does a business letter usually start with a salutation?,yes,Does a business letter usually start with a body?,no,Does a business letter usually end with a sign off,yes,,,1,1,1,1,0,0,1,1,1,1,1,,1,1,0,1,1,,0,0,1,0,1,
443ffca6ada32c77c18a959de2c2fde3,Is it true that a sphere is capable of displacing more water than a cube with the same volume?,is capable of,sphere,no,A sphere is not capable of displacing more water than a cube with the same volume?,yes,A cube is not capable of displacing more water than a sphere with the same volume?,yes,The amount of liquid an object can hold is determined by the object's shape?,no,The amount of liquid an object can hold is determined by the object's volume?,yes,The amount of liquid an object can hold is not determined by the object's volume?,no,Different shapes with the same volume are capable of displacing the same amount of water?,yes,0,1,1,1,0,0,1,1,1,1,1,1,1,1,0,1,0,1,0,1,0,1,0,1
471f168bfc248008a3d2998c9c03c7a1,A sister cannot have a twin sister who is born a year later.,cannot,sister,yes,A sister can have a twin sister who is born a year later.,no,A sister can have a twin sister who is born a few minutes later,yes,A sister cannot have a twin sister who is born a few minutes before,no,Twins are always born at the exact same minute,no,Twins can be born on different days,yes,,,1,0,0,0,0,0,0,1,1,1,1,,1,0,1,1,1,,0,1,0,1,1,
56eff3f008d4ed70be34aba296a6f333,If you get into an accident because you have been drinking alcohol you will be arrested?,because,accident,yes,Drinking and driving is a criminal offence in most countries?,yes,"In most countries, you will be arrested if you commit a criminal offence?",yes,"In most countries, you can commit a criminal offence without risking getting arrested?",no,"If you get into an accident after drinking alcohol, you will be arrested because you commited an offence?",yes,"If you get into an accident after drinking alcohol, you will be arrested depending on the brand of the vehicle?",no,"If you get into an accident, you will be arreseted regardless of the levels of alcohol in your blood?",no,0,0,1,0,0,0,1,1,0,0,1,1,1,1,0,0,1,1,1,1,0,0,0,0
58d09c28dd5c8d3244deabadba63a214,"The stars at night are smaller than the star that is seen during the day, from our perspective",smaller than,night,yes,Is the sun seen during the night?,no,Is the sun seen during the day?,yes,The stars at night are smaller than the the sun from our perspective,yes,The stars at night are larger than the the sun from our perspective,no,"From our pespective, the stars at night are smaller than the star that is seen during the day",yes,,,0,0,1,0,0,0,1,1,1,1,0,,1,1,1,1,0,,0,1,1,0,1,
5abb251438338a2039561ec618eeaa7a,There has never been a little girl that has grown up to the the President of the USA.,never,girl,yes,the united states had a female president,no,the united states had never had a female president,yes,,,,,,,,,0,0,0,1,1,0,1,1,,,,,1,1,,,,,0,0,,,,
5ec861e678af9f3f0f6aac2dff224b23,Never put less than exactly one tablespoon of cream in coffee.,exactly,cream,no,Always put less than exactly one tablesppon of cream in coffee,no,It is ok to put less than exactly one tablespoon of creamn in coffee,yes,It is ok to put more than exactly one tablespoon of creamn in coffee,yes,Putting a lot of cream in coffee may change its flavour,yes,,,,,1,1,1,0,0,0,0,1,1,1,,,0,1,1,1,,,0,1,1,1,,
5ee4e33a6e61fd2df199d6cfca4ffa5f,Do you build the walls on a house before putting on the roof?,before,walls,yes,Do you build the walls on a house after putting on the roof?,no,Do you build the roof of a house after building the walls?,yes,Do you build the roof of a house before building the walls?,no,"In a typical house, is the roof on top of the walls?",yes,"In a typical house, are the walls on top of the roof?",no,"If something is on top of something else, you should typically build the lower thing first?",yes,1,1,1,0,1,0,1,1,1,1,1,0,1,1,1,1,1,1,0,1,0,1,0,1
5f49323dc3a9f4612f055af4a5ace35b,Does August come right after the month when the French Revolution happened?,,august,yes,The French Revolution happened in July.,yes,The French Revolution happened in August.,no,Does August come right after July?,yes,Does August come right before July?,no,July comes right after August.,no,,,1,1,0,0,0,0,1,0,0,1,1,,1,0,0,1,1,,1,0,1,0,0,
6043f371adce788f9589a3d5141c67bd,Putting on shoes is done in this order normally: person ties shoelaces then slips shoes onto feet.,done in this order,ties,no,Putting on shoes is not done in this order normally: person ties shoelaces then slips shoes onto feet.,yes,Putting on shoes can be done in this order: person ties shoelaces then slips shoes onto feet.,yes,Putting on shoes is done in this order normally: person slips shoes onto feet then ties shoelaces.,yes,Putting on shoes is not done in this order normally: person slips shoes onto feet then ties shoelaces.,no,Putting on shoes cannot be done in this order: person slips shoes onto feet then ties shoelaces.,no,,,1,1,0,0,0,0,1,0,0,0,0,,1,0,0,0,1,,1,1,1,0,0,
605ba8efcdfbf98b57757bea6820ec8f,"The word Page can be a name only if it is spelled like Paige with an I in it, otherwise it means paper pages?",only if,page,no,the word Paige is a common first name,yes,the word page is a common first name,no,the word paige can refer to paper pages,no,the word page can reger to paper pages,yes,"some words sound similarly but have different meanings, for example page and paige",yes,,,1,0,1,0,0,0,1,0,0,1,1,,1,1,0,1,1,,1,0,0,1,1,
642add63cb2ae812ad49f0498a1da508,A single senator is capable of revoking legislation.,is capable of,senator,no,"In most countries, a majority is needed in order to revoke legislation",yes,"In most countries, a majority is not needed in order to revoke legislation",no,A single senator is not capable of revoking legislation.,yes,A single senator is not capable of revoking legislation because it is not enough for a majority,yes,A single senator is capable of revoking legistlation because only one senator is needed,no,,,1,1,0,0,1,0,1,1,1,1,0,,1,1,1,1,1,,1,0,1,1,0,
65423ab376d10749104e028e974a0319,a foot has to be smaller than the shoe it wears,has,foot,yes,a foot has to be larger than the shoe it wears,no,A foot cannot be larger than the shoe it wears.,yes,A shoe has to be larger than the foot that fits in it.,yes,A shoe has to be smaller than the foot that fits in it.,no,,,,,0,0,0,0,0,0,1,1,0,0,,,1,1,0,0,,,0,1,1,0,,
6657a657d9d50abdfce08a82ca7a28a9,do all shadows have to be darker than the surface they are on?,all,shadows,yes,are some shadows brighter than the surface they are on?,no,Is a shadow usually something that is bright?,no,Does a shadow contain more light than it's surroundings?,no,Do showdowd areas contain less light than their immidiate surroundings?,yes,,,,,1,1,0,0,0,0,0,1,1,1,,,0,1,1,1,,,0,1,0,1,,
6dcd6833f24d7afa2a07dd4126411f17,Blood banks almost never take cash or checks as deposits,almost never,banks,yes,Blood banks almost always take cash or checks as deposits,no,A blood bank usually stores blood,yes,A blood bank usually stores cash,no,Blood banks will sometimes take a check from a client as a deposit,no,Blood banks almost never take cash as deposits,yes,,,1,0,0,0,0,0,1,0,1,0,1,,1,0,1,1,1,,0,1,0,0,1,
70acd16f77edbeefa0b4e1c9a604093b,is the reach of a gorilla smaller than a rat?,smaller than,reach,no,is the reach of a gorilla longer than a rat?,yes,is the reach of a rat longer than a gorilla?,no,is the reach of a rat smaller than a gorilla?,yes,is an animal's reach related to its size,yes,are rats larger than gorillas,no,,,1,1,1,1,1,0,1,1,1,1,1,,1,1,1,1,1,,1,0,1,1,1,
72421f13e92dcb646b2c4d0aca5c107e,Fonts larger than 2 are clear to read.,larger than,clear,no,font number 2 is relatively small,yes,the usual font used is around 14,yes,2 is much smaller than 14 in font numbers,yes,30 is a small font,no,2 is a large font number,no,,,0,0,1,0,0,0,1,0,0,0,1,,1,0,0,0,1,,1,1,1,0,0,
724402ceb4afdaac068a7853e38f469d,The sun can rise in the west and east.,can,west,no,The sun can rise in the east,yes,The sun can rise in the west,no,The sun can set in the east,no,The sun can set in the west,yes,,,,,0,0,0,0,0,0,1,0,0,1,,,1,0,0,1,,,1,0,0,1,,
77bbb1baaf57c875bbb6f59ad9275e5a,"When water freezes, does it get hard?",,hard,yes,Does water turn to ice when it freezes?,yes,Does water turn to gas when it freezes?,no,Is ice harder than liquid water?,yes,Is liquid water harder than ice?,no,"When water freezes, does it get softer?",no,,,1,1,0,1,1,0,1,1,1,1,1,,1,1,1,1,1,,1,0,1,0,1,
7a32dcd2332535a60ded44227b30a29e,if you flip the pillow twice you get the same side of the pillow as you started from,,pillow,yes,if you flip the pillow three times you get the same side of the pillow as you started from,no,if you flip the pillow once you get the same side of the pillow as you started from,no,Pillows have two sides.,yes,"If you flip a two-sided object twice, you get the same side of the object as you started from.",yes,,,,,0,0,0,0,0,0,1,1,1,0,,,1,1,1,0,,,0,0,1,1,,
8a79fdd20f58a8b1b16a54a4d7fb0a8a,Is a Malaysian Ayam Serama larger than a Brahmas chicken?,,chicken,no,The Brahma is a very imposing bird standing around 30 inches high,yes,Seramas are very small chickens that only stand 6-10 inches tall,yes,10 inches is much smaller than 30,yes,Brahmas chicken are larger than Malaysian Ayam Serama,no,Malaysian Ayam Serama are considered large chickens,no,,,0,0,1,0,0,0,1,1,1,0,0,,0,1,1,0,0,,1,1,1,0,0,
90ac14b0c3105044fc7d763e0dac3997,The Chicago Bears football team have had exactly two real bears play on the team.,exactly,chicago,no,The Chicago Bears football team is made up of bears?,no,The Chicago Bears football team have had exactly one real bear play on the team.,no,The Chicago Bears football team have never had a bear on the team?,yes,You are likely to see a bear play in a Chicago Bears game?,no,,,,,1,1,0,0,0,0,1,1,0,1,,,1,1,0,1,,,0,0,0,0,,
971785e3d97244abe4fa44cdb7ed6d4c,A cat always has a tail,has,tail,no,manx cat has no tail,yes,there exist a type of cat with no tail,yes,A tail is essential for the cats survival,no,A cat species can't survive without a tail,no,All types of the same species have the same bodyparts,no,,,0,0,1,0,0,0,1,0,1,1,1,,1,0,1,0,1,,1,1,0,1,1,
9742b5240c445d2c8003a2208def5711,A month never contains only 28 days.,never,month,no,A month can contain only 28 days.,yes,February has either 28 or 29 days.,yes,February has at least 29 days.,no,February is the longest month of the year.,no,February sometimes has 28 days.,yes,,,1,1,0,0,0,0,1,1,0,1,1,,0,1,0,1,0,,1,1,0,0,1,
a2e2dd14fd05d80ec8ab07907f5747a7,A playing card is capable of cutting soft cheese,is capable of,playing card,yes,A playing card is relatively sharp around the edges and can cause a paper-cut,yes,soft cheese can be cut using almost anything firm and solid,yes,soft cheese can easily cut a playing card,no,cutting soft cheese with a playing card can be done if you do it slowly,yes,,,,,1,0,0,0,0,0,1,1,0,1,,,1,1,0,1,,,1,1,0,1,,
a2f2c6cbc5fa1b9308e1ddaae655427f,A yard is the same size as three feet.,same size as,yard,yes,A yard is a unit of length equal to three feet.,yes,A yard is smaller than three feet.,no,A yard is larger than three feet.,no,A yard is larger than two feet.,yes,A yard is a unit of length smaller than four feet.,yes,,,0,0,0,0,0,0,1,1,0,1,0,,0,1,0,1,0,,1,1,0,1,1,
ad605858d31c794f602240e985190de3,The frequency of a wave becomes smaller if its period becomes larger,,period,yes,The frequency of a wave becomes smaller if its period becomes smaller,no,The frequency of a wave has a positive correlation with the period of a wave,no,The frequency of a wave has a negative correlation with the period of a wave,yes,a wave with a higher frequency has a shorter period,yes,a wave with a lower frequency has a shorter period,no,,,1,0,1,0,0,0,1,0,1,1,0,,1,1,0,1,1,,0,0,1,1,0,
b162d3c13acb064bcfdbe60d25718155,a mock trial is something with no legal consequence,is,trial,yes,a mock trial is something with a legal consequence,yes,a trial is something with a legal consequence,yes,a trial is something with no legal consequence,no,a trial and a mock trial mean the exact same thing,no,"a mock trial is different than a real trail, because it has no legal consequence",yes,,,1,1,0,0,0,0,0,1,1,1,1,,0,1,1,1,1,,1,1,0,0,1,
bafb351c302edcef5a1878d7e13054f1,Thermometers are dangerous because they contain mercury.,because,mercury,yes,Thermometers are safe because they contain mercury.,no,Mercury can be harmful.,yes,Thermometers never contain mercury.,no,Thermometers often contain mercury.,yes,Is it safe to ingest mercury?,no,,,0,1,0,0,1,0,1,1,1,0,1,,1,1,1,1,1,,0,1,0,1,0,
bcf31d48ae370b11ac378794d6dbe891,one can become president of the USA if born in Hawaii,,president,yes,Hawaii is one of the US states,yes,Hawaii is not a US state,no,A person born in Hawawii is a natural born citizen of the United States,yes,A person born in Hawawii is not a natural born citizen of the United States,no,You can become the president of the USA if you are a natural born citizen,yes,You cannot become the president of the USA if you are a natural born citizen,no,1,1,1,0,1,0,1,1,1,1,0,1,1,1,1,1,1,1,1,1,1,0,1,0
bec87330d85ea5b4170973dec35fbb3f,Atoms are typically as small as a germ is?,is,atoms,no,the size of an atom is around 100 picometers,yes,the size of an atom is around 100 meters,no,the size of a germ is larger than a micrometer,yes,the size of a germ is smaller than a micrometer,no,100 picometers is smaller then a micrometer,yes,Gems are typically larger than atoms,yes,1,1,1,0,0,0,1,1,0,0,1,1,0,1,0,0,1,1,1,1,1,0,1,1
d739fb743299ff66d2d8ab83e5fba9db,Some people in a contest can come in first and second place.,some,second,no,Some people in a contest can come in first place,yes,Some people in a contest can come in second place,yes,Some people in a context can come in the first and last place,no,Two people in a contest can come in first place,yes,,,,,0,1,0,0,0,0,1,1,0,1,,,1,1,0,1,,,1,1,0,1,,
df1599e35aa43e53be7519fa792d4da2,Is a common saying an eye for an eye?,is a,eye,yes,Is there a phrase that says an eye for an eye?,yes,An eye for an eye is not a common saying?,no,"In some cultures, it is common for a person to say an eye for an eye",yes,,,,,,,1,1,1,1,1,1,1,1,1,,,,1,1,1,,,,1,1,1,,,
e6911f36cedfcf5839dbe8006c848f7f,Outer space has no planets smaller than our moon.,smaller than,outer space,no,Some planets in space are larger than the moon,yes,Mars is larger than the moon,yes,The moon is considered a relatively large compared to planets in the solar system,no,There are at least 2 planets larger than the moon,yes,,,,,0,1,0,0,1,0,1,1,1,0,,,1,1,1,1,,,1,1,0,1,,
e6bdf46ec21246de3cec73a8e3abba95,Your mom cannot be born after you,cannot,mom,yes,You cannot be older than your parents.,yes,You can be older than your parents.,no,Your mom cannot be born before you.,no,You must be born after your mom.,yes,You are younger than your parents.,yes,,,1,0,0,0,0,0,0,0,1,1,1,,0,0,1,0,1,,0,0,1,1,0,
e8779ff3b7b847e3541295a139707282,you can wash your car after you break it,can,wash,yes,you cannot wash your car after you break it,no,a car can be washed,yes,a broken car cannot be washed,no,,,,,,,0,0,0,0,0,0,0,1,0,,,,0,1,0,,,,1,1,0,,,
eb829eb4a287a3d2ae5394ff0a9fa821,"When a door absorbs humidity and sticks, it has to be replaced with a new door.",has,door,no,Does humidity cause a door not to function anymore?,no,"If a door sticks, does it have to be replaced?",no,Can a door that sticks usually be fixed?,yes,Does humidity cause stickyness?,yes,,,,,0,0,1,1,0,0,1,1,1,1,,,0,1,1,1,,,0,0,1,1,,
f1f3c1578334a3517744d4637132bfc3,end is a adverb,,end,no,can the word end be used as a verb,yes,can the word end be used as a noun,yes,can the word end be used as a pronoun,no,can the word end be used as a determiner,no,,,,,1,1,1,0,0,0,1,1,0,0,,,1,1,1,0,,,1,1,0,0,,
f2c03a6545ddcb6928a88dce4cdc3619,"Insects can fly, even if they don't have wings.",,insects,no,"if insects wouldn't have wings, they wouldn't be able to fly",yes,insects can fly because they have wings,yes,insects can fly because they have legs,no,insects could fly even without wings,no,,,,,0,0,0,0,0,0,1,1,1,0,,,1,0,1,0,,,1,1,0,0,,
f58b6a2d6197c4398503f0f5c453daf2,All the bones in the body are breakable.,all,bones,yes,some bones in the body are not breakable,no,bones cannot be broken,no,bones are breakable,yes,All the bones in the human body can be fractured,yes,Some bones in some animals are unbreakable,no,,,1,0,0,0,1,0,0,1,1,1,0,,1,1,1,1,1,,0,1,1,1,0,
f802a4b157fa7f8d6ec843719c3195a1,The planet Mars is known to have two permanent polar ice caps.,is,cap,yes,The planet Mars is known to have three permanent polar ice caps.,no,The planet of Mars has a north ice cap,yes,The planet of Mars does not have a north ice cap,no,The planet of Mars has a south ice cap,yes,The planet of Mars does not have a south ice cap,no,,,0,0,1,0,0,0,1,0,0,0,0,,1,0,0,0,0,,0,1,0,1,1,
face2049ef6c2e780f23f7dfc976b8aa,Is it true that cotton cannot be grown in a cold climate?,cannot,cotton,yes,Is it true that cotton can be grown in a cold climate?,no,Is it true that cotton can only be grown in a warm climate?,yes,Is it true that cotton can be grown in a warm climate?,yes,"A plant that can be grown only in warm climates, can also be grown in a cold climate?",no,,,,,0,0,0,0,0,0,0,0,1,1,,,0,1,1,1,,,0,0,1,0,,
fe6a3319ef1fd97d6affe6512a8bc8cb,The peak of a mountain almost always reaches above the the tree line,almost always,peak,yes,The peak of a mountain is always below the tree line,no,The tree line is the edge of the habitat in which trees are able to grow,yes,The tree line is lower than the edge of the habitat in which trees are able to grow,no,The tree line is higher than the edge of the habitat in which trees are able to grow,no,A mountain typically rises at least 1000 feet above the surrounding land,yes,A mountain typically rises less than 1000 feet above the surrounding land,no,1,1,1,0,1,0,1,0,1,1,1,1,1,1,1,1,1,1,0,1,0,0,1,0