﻿id,question,relational_prompt,topic_prompt,answer,strategy,plausibility,causality,capable_of,long_tail_knowledge,temporal,comparison,physical,negation,event chain
2de03fd3eae4b2024bffa83dc81fb3dd,Every movie is directed by someone,,movie,yes,,1,,,,,,,,
0af2db3cec66ad381782868dbbf18717,An American family who has moved to Melbourne is capable of celebrating their traditional November Thanksgiving dinner in a spring month,is capable of,spring,yes,1,,,1,,,,,,
70acd16f77edbeefa0b4e1c9a604093b,is the reach of a gorilla smaller than a rat?,smaller than,reach,no,,,,,,,1,,,
6458f32824c065598bab9677a58fcc98,the doors of perception was written as if it were fiction,if,door,yes,,,,,1,,,,,
5c1b9ab3ff3c0a9dcbb71f59a816c7b8,Cheetos were made from byproducts for animal feed in a cleaning stage of a corn grinder after running water through it.,after,corn,yes,,,,,1,,,,,
399b4d634df1a9e8088b79e952dbd435,Clothing is the same size as the wearer,same size as,clothing,yes,,,,,,,,1,,
29718c910bf348ec24145e49b5279017,Some believe your enemy should be part of the people you keep close to you.,part of,enemy,yes,,1,,,,,,,,
e361d98bc76695e85c807db6f38fb663,Paris is part of the world that was named after Paris Hilton.,part of,paris,no,,,,,,,,,,
22e1bae600e4f5f7674d0d71326714a9,Frosty the snowman is capable of waiting for the summer before melting.,is capable of,waiting for,no,1,,,1,,,,,,
f349e700ef2f4fa2d35a4f86273a12f4,Can carbon dioxide exist in liquid form at the standard atmospheric pressure?,,liquid,no,,,,1,1,,,,,
ad2a220928b1c63f83d3db8d22301855,The president can be impeached after they have finished their term.,can,president,yes,,,,,,1,,,,
0d82a5ff2a12f4cb4869a5b48169a4f2,Rhinoceros are part of the Eocene era,part of,rhinoceros,yes,,,,,1,,,,,
0ccfe3b3cbec0b7aa904ff4970255be1,None had ever reached the top of Mount Everest before 1977?,none,reach,no,1,1,,,1,1,1,,,
2530d83505b2308ae8b82dae34b7dae2,The office is capable of making people laugh.,is capable of,office,yes,,,,1,,,,,,
5a6ac2610faf8f437b8472c42d7d771d,Has the universe always had a sun?,has,universe,no,,,,,,1,,,,
6043f371adce788f9589a3d5141c67bd,Putting on shoes is done in this order normally: person ties shoelaces then slips shoes onto feet.,done in this order,ties,no,,,,,,,,,,1
d0b7c86aec1aa464b78d99c5ba1f711c,Bananas from Central America are a U.S. export.,,export,no,,,,,,,,,,
f802a4b157fa7f8d6ec843719c3195a1,The planet Mars is known to have two permanent polar ice caps.,is,cap,yes,,,,,1,,,,,
0ba149b5974cf7880bad20ae9cc7db19,A chain consists of at least one link.,at least one,link,yes,,1,,,,,,,,
e9cc57781e8237e992d60594dff0e5ca,"If you install a thermostat outside, you can control the weather.",if,weather,no,1,,1,1,,,,,,
524a60fbda28a825222e49c7c8383cf1,A train driver almost always stands on a dead mans switch.,almost always,driver,yes,,1,,,,,,,,
e34d9ecbf0da6b00c62fd4a4a5b16387,Plane cannot fly with 1 enginee off,cannot,plane,no,,,,1,,,,,1,
ac3c17d87f462b655e8d646ace1a200f,If mixed together oil and water will always have at least one floating on top?,at least one,oil and water,yes,,1,,,,,,1,,
5ae16514153332ff9d17c56ea4425997,A person is capable of finding eggs in his stocking as a Christmas tradition.,is capable of,christmas,no,,,,1,,,,,,
b9c954aa9295d43725e96f5e07e97fb0,A country is a place usually made up of nations.,is a,country,no,,,,,,,,,,
f2c03a6545ddcb6928a88dce4cdc3619,"Insects can fly, even if they don't have wings.",,insects,no,,,1,1,,,,,1,
72421f13e92dcb646b2c4d0aca5c107e,Fonts larger than 2 are clear to read.,larger than,clear,no,,,,,,,1,1,,
03a099aaebfb38e054b8ee1f61d80c8b,The density of oil and water is always smaller than the density of oil and brine.,smaller than,oil and water,yes,,,,,1,,1,,,
431da5c1b5cbe9f0706c319e3c33054d,Some countries allows elections to remove their Kings and Queens from the monarchy to replace them with another family.,some,queen,no,,1,,,,,,,,
ad605858d31c794f602240e985190de3,The frequency of a wave becomes smaller if its period becomes larger,,period,yes,,,1,,1,,,,,
88db028d2ba3466193e64f0a354a4c37,People can wear sunscreen in August.,can,august,yes,,,,1,,,,,,
72365fd4612b4394e1498dd588b30bee,Sometimes smoke is a good thing.,sometimes,smoke,no,,1,,,,,,,,
420ab0b2c3e64300e40c2297dbfb6813,"Is a business letter ordered like this: salutation, body of the letter, sign off?",ordered like this,letter,yes,,,,,,,,,,1
58d09c28dd5c8d3244deabadba63a214,"The stars at night are smaller than the star that is seen during the day, from our perspective",smaller than,night,yes,,,,,,,1,1,,
86e256f87fa61e40378fd439675b1c3c,can you finish a 3 day marathon in a day?,can,day,no,,,,1,,1,1,,,
2958e0a1a08b84deee7ba6a1c07bacfd,All salmon swim up river for reproductive purposes.,all,river,yes,,1,,,,,,,,
25026d197f3b68377aaa5e8206520450,Football competition format is capable of being changed during the event,is capable of,format,no,,,,1,,,,,,
9a2865d79ea4ae0c164b7c1321f1d4ce,"A few Fields medals are given each year for Literature and Peace, as well as for the sciences",few,fields,no,,1,,,1,,,,,
2664b4d9c28054ace48f7c004c4627a3,Every phrase has a complete sentence.,has,complete,no,,1,,,,,,,,
920c8b258b5efcce527acd5498e47b52,"A 5.25"" floppy disk can bend easily but a 3.5"" floppy disk cannot.",cannot,disk,yes,,,,1,1,,,1,1,
8a79fdd20f58a8b1b16a54a4d7fb0a8a,Is a Malaysian Ayam Serama larger than a Brahmas chicken?,,chicken,no,,,,,1,,1,1,,
f84ab2c0832de6d54e978ee3992afe5a,Was the discovery of the planet Europa one of the most significant achievements of Galileo?,,planet,yes,,,,,1,,,,,
6c9c217adeba7066de72a62f4a6e6b83,Metals have a crystal structure of a periodically repeated manner,,crystal,yes,,,,,1,,,,,
1193e30cdd383717995a8f9beab5fc89,A human is typically capable of eating using a mouth in his or her head.,,head,yes,,,,1,,,,,,
bd2d37c772a5ac3f39e2478dd00cb530,A trunk is part of the front of the car on a Tesla.,part of,trunk,yes,,,,,,,,,,
df1599e35aa43e53be7519fa792d4da2,Is a common saying an eye for an eye?,is a,eye,yes,,,,,,,,,,
33e686e4c62f1c955686c81679d6082e,Can you alter the visual part of yourself?,part of,alter,yes,1,,,1,,,,,,
99d88748cc74ac1d0b8e0fc09b23d901,"You can give gifts every day, but you cannot on christmas.",cannot,christmas,no,,,,,,,,,1,
1f78a431d4240f894ba26456d2636138,If a person is said to be on edge are they sometimes relaxed?,sometimes,edge,no,,1,,,,1,,,,
e626f5247f4f69ab9a60d15fc8632b0b,Day can be the same as night.,can,day,no,,,,,,,1,,,
77a73be5213cc78a646e218630407d53,"If you have a five inch long stick and a ten centimeter one, is the latter longer?",if,inch,no,,,,,,,1,1,,
fe6a3319ef1fd97d6affe6512a8bc8cb,The peak of a mountain almost always reaches above the the tree line,almost always,peak,yes,,1,,,,,,,,
92f0a9eca34cff608eb592d306395f52,Are a cat and a dog part of the menagerie in the story of the old lady who swallowed a fly?,part of,cat,yes,,,,,1,,,,,
ef53869a3e0352f2369be8a1fb9ba0c4,Is outer space smaller than our galaxy?,smaller than,outer space,no,,,,,,,,1,,
4f9a5767284f7b381a277a40714bdf1d,a canvas is capable of displaying thoughts,is capable of,canvas,yes,1,,,1,,,,,,
1c5ec9a9c910e1fcb3c8bc0a354eff83,Only if a person has nerves will they be able to feel hot and cold?,only if,feel,yes,,,1,,,,,,,
1246d9f0b4d80f219784b7e4f0f0083c,"Viewed from Earth, the moon and the sun look the same size as one another in the sky.",same size as,sky,yes,,,,,,,,1,,
5e6655c32d701d2c81bca4f2203ae420,We are part of the universe only if we are in the Milky Way galaxy,only if,universe,no,,,1,,,,,,,
75b4cee189a0786aee19ebc31116ae23,Is magic performed on stage with Magic: The Gathering cards?,is,cards,no,,,,,1,,,,,
1fab23b7a73de20f8e8e280891182cd7,A bird has 3 wings.,has,bird,no,,,,,,,,,,
605ba8efcdfbf98b57757bea6820ec8f,"The word Page can be a name only if it is spelled like Paige with an I in it, otherwise it means paper pages?",only if,page,no,,,1,,,,,,,
287886f740723b524f917ffa53f89f20,A rectangular shape has four times two number of edges.,,edge,no,,,,,,,,,,
baf8e900b4cf878d73d54103499fc8ac,"The pages in the book ""Fahrenheit 451"" is a fire starter for campfires or bomfires.",is a,pages,yes,1,,,1,,,,,,
946224ff9f1531ae3160cf88965ff115,Countries is a singular noun,is a,countries,no,,,,,,,,,,
443ffca6ada32c77c18a959de2c2fde3,Is it true that a sphere is capable of displacing more water than a cube with the same volume?,is capable of,sphere,no,,,,1,,,1,1,,
9698dac18a591ceaf251f156577b51e0,"money withdrawal at a bank is done in this order: filling in a withdrawal form, showing the ID card, getting the money, signing the form.",done in this order,money,no,,,,,,,,,,1
90ac14b0c3105044fc7d763e0dac3997,The Chicago Bears football team have had exactly two real bears play on the team.,exactly,chicago,no,,1,,,1,,1,,,
56eff3f008d4ed70be34aba296a6f333,If you get into an accident because you have been drinking alcohol you will be arrested?,because,accident,yes,,,1,,,,,,,
6d694a8739ddccfeb470047a6cbcca6f,the moon cannot appear in daylight,cannot,appear,no,,,,,,,,,1,
1cf0b037d66ecae3853fd6140ec8dc83,An egg is always rounded.,is,egg,yes,,1,,,,,,1,,
face2049ef6c2e780f23f7dfc976b8aa,Is it true that cotton cannot be grown in a cold climate?,cannot,cotton,yes,,,,1,,,,,1,
471f168bfc248008a3d2998c9c03c7a1,A sister cannot have a twin sister who is born a year later.,cannot,sister,yes,,,,,,1,,,1,
de6bb626afd6943c21029ef47358eccf,Smoothness can hurt your skin,can,smoothness,no,,,,1,,,,,,
642add63cb2ae812ad49f0498a1da508,A single senator is capable of revoking legislation.,is capable of,senator,no,,,,1,,,1,,,
4445afc0e72d56266de05ced04e2fe9d,Stem can be part of a plant plus a type of prevention,part of,stem,yes,,,,,1,,,,,
bec87330d85ea5b4170973dec35fbb3f,Atoms are typically as small as a germ is?,is,atoms,no,,1,,,1,,1,1,,
9a1bb100cb4e569cc7ebf47bc15aae42,If there is a fly in your food and it is smaller than you you should eat it and appreciate the extra protein do you agree?,smaller than,fly,no,1,,1,,,,1,,,
6e6a90a32f37a9b36974071cea03754c,In a dream you almost never wake up frightened.,almost never,dream,no,,1,,,,,,,,
e8779ff3b7b847e3541295a139707282,you can wash your car after you break it,can,wash,yes,1,,,1,,1,,,,
5abb251438338a2039561ec618eeaa7a,There has never been a little girl that has grown up to the the President of the USA.,never,girl,yes,,1,,,,,,,,
82c2ecdf296713b38fad18f3eab6b08e,A train is smaller than a subway.,smaller than,train,no,,,,,,,1,1,,
16fc891b3e4af29354b22f54d5829671,some people don't seem to mind not breathing for an hour,some,mind,no,,1,,1,,,,,1,
5ee4e33a6e61fd2df199d6cfca4ffa5f,Do you build the walls on a house before putting on the roof?,before,walls,yes,,,1,,,1,,1,,
0d84aab7398d89c83966ee9ff3d6d863,numbers in front of the decimal point are larger than the numbers after a decimal point,larger than,numbers,yes,,,,,,,1,,,
7fa4010d627c0ef3f77d3f2a40dbe0c2,a hand with two eights is capable of beating a hand with four aces in poker,is capable of,eight,no,,,,,1,,1,,,
a44e038e3591657da89fa504ec1934cf,Any muscle is part of the circulatory system?,part of,muscle,no,,1,,,1,,,,,
6dcd6833f24d7afa2a07dd4126411f17,Blood banks almost never take cash or checks as deposits,almost never,banks,yes,1,1,,,,,,,,
1b1ab92008c74ab4c7057ec8ed3a1048,You must complete you education before you can start work.,before,education,no,,,1,,,1,,,,
574457ccba916318e90be8f508e4a9da,"Piecing only one ear lobe, especially the right ear, will cause people in the LGBTQ community to think you are part of them, especially in California and Oregon.",,ear,yes,,,1,,1,,,,,
eb829eb4a287a3d2ae5394ff0a9fa821,"When a door absorbs humidity and sticks, it has to be replaced with a new door.",has,door,no,,,1,,,,,,,
7f28d6894432e62c39934feb2545f2c9,Absinthe is a red liquor with a similar appearance of blood.,is a,blood,no,,,,,,,,,,
57de357ee781a9d6816f815679defe8d,a bowl of cereal before bed is called breakfast,before,bowl,no,,,,,,1,,,,
cdd5117b7b5416df99f458344ff1a852,Is pain always a bad sign?,always,pain,no,,1,,,,,,,,
a0ac718afc14494e054cc04410ba60f5,Each player in a game of soccer is capable of grabbing the ball with their hands.,is capable of,player,no,,1,,1,,,,,,
bcf31d48ae370b11ac378794d6dbe891,one can become president of the USA if born in Hawaii,,president,yes,,,1,1,,,,,,
3baf504ba66da3f0e0f3c4aacce702f2,liquid can turn to a solid in heat,,liquid,no,,,1,,,,,,,
6caaa9a9e1f86372966cc2fde11d444f,"Did Arctic Monkeys sing ""Has Your Heart Healed""?",has,sing,no,,,,,1,,,,,
64dc8a4f61bdc77391c4772e0709762f,A watch is capable of telling the past time.,is capable of,watch,no,,,,1,,,,,,
e9ea3a3f56338c6b6aff83dfe6d7fe6b,"Starting from the tip of a fishing rod, the pieces attached to a line could be ordered like this: a plastic floater, a lead sinker, and a baited hook",ordered like this,lead,yes,,,,,,,,1,,1
e06e3bb5edb572a1af5d6c2172b24f7d,"One of the federal laws says that people should ""Stop in the name of love"", because if they don't they can be detained?",because,stop,no,,,1,,1,,,,,
6ace5a30fc72a24f05b70b161b0b4045,"In the US, can students use notes for the standardized test for college admissions?",can,notes,no,,,,,1,,,,,
f1f3c1578334a3517744d4637132bfc3,end is a adverb,,end,no,,,,,,,,,,
b162d3c13acb064bcfdbe60d25718155,a mock trial is something with no legal consequence,is,trial,yes,,,,,1,,,,1,
f1835a898c5a64042139b94e1cd607a9,The circumference of a giraffe's throat is larger than that of its length,larger than,throat,no,,,,,,,,,,
a2f2c6cbc5fa1b9308e1ddaae655427f,A yard is the same size as three feet.,same size as,yard,yes,,,,,,,,,,
930572482d3b7db4f2f30e408ecf0863,"Even a casual fan of Van Halen is capable of recognizing the song ""Hot for Teacher"" from the drums alone",is capable of,teacher,yes,,1,,1,1,,,,,
5ab7452e83121627df72a2491c2b7044,A child cannot go to an R rated movie.,cannot,movie,yes,,,,1,,,,,1,
394a33a42a9ae480b297781ea6bf3cf3,tables and chairs are often sold after a restaurant closes down for the night,after,tables,no,,1,,,,1,,,,
d2b63ea24ff9c98d12e01edf4c1a2eb1,Most precedes plane in an alphabetical list.,most,plane,yes,,,,,,,1,,,
cba719a3e6edae28e1ada31f6bda1dca,Some people are required to have a fishing license to fish unless they are very young.,some,license,yes,,1,,,1,,,,,